id,menu
hithere,1
hithere,2
hithere,1
hithere,2
hithere,1
hithere,1
hithere,1
hithere,1
hithere,1
hithere,2
hithere,3
hithere,3
hithere,1
gong,4
gong,4
gong,4
gong,4
gong,5
gong,4
gong,5
gong,5
gong,6
gong,4
gong,5
iu,6
iu,6
iu,6
iu,6
iu,5
iu,5
iu,6
iu,6
iu,6
iu,6
iu,5
iu,5
iu,4
iu,1
seong,3
seong,3
seong,3
seong,3
seong,3
seong,3
seong,4
seong,1
seong,4
seong,4
seong,4
seong,4
seong,1
seong,1
seong,1
seong,3
seong,3
seong,3
seong,3
seong,3
1seok,1
1seok,1
1seok,1
1seok,1
1seok,1
1seok,2
1seok,1
1seok,1
1seok,1
1seok,1
1seok,1
1seok,2
1seok,2
1seok,1
1seok,1
1seok,2
1seok,2
suzy,2
suzy,2
suzy,2
suzy,2
suzy,2
suzy,2
suzy,5
suzy,5
suzy,5
suzy,5
suzy,5
suzy,5
suzy,5
suzy,2
suzy,2
suzy,5
suzy,5
suzy,2
suzy,5
suzy,2
suzy,5
suzy,2
suzy,5
susu,3
susu,3
susu,3
susu,3
susu,3
susu,4
susu,4
susu,4
susu,5
susu,3
susu,3
susu,3
susu,3
susu,5
susu,1
susu,1
susu,3
susu,3
susu,4
susu,4
susu,4
susu,3
susu,3
taetae,5
taetae,5
taetae,5
taetae,5
taetae,6
taetae,1
taetae,1
taetae,2
taetae,5
taetae,5
taetae,5
taetae,6
taetae,7
taetae,7
taetae,5
taetae,5
taetae,5
taetae,1
taetae,2
taetae,1
taetae,5
Ujae,2
Ujae,2
Ujae,2
Ujae,3
Ujae,1
Ujae,1
Ujae,3
Ujae,3
Ujae,3
Ujae,3
Ujae,1
Ujae,2
Ujae,3
Ujae,2
Ujae,2
Ujae,2
Ujae,3
Ujae,1
Ujae,1
Ujae,1
Ujae,3
Ujae,3
Ujae,2
Ujae,2
Ujae,1
baewoo,5
baewoo,5
baewoo,5
baewoo,5
baewoo,7
baewoo,7
baewoo,8
baewoo,5
baewoo,5
baewoo,7
baewoo,7
baewoo,8
baewoo,9
baewoo,9
baewoo,10
baewoo,10
baewoo,10
baewoo,1
baewoo,1
baewoo,2
baewoo,10
baewoo,10
baewoo,10
baewoo,9
baewoo,9
baewoo,9
baewoo,9
baewoo,9
baewoo,10
baewoo,10
